<?xml version="1.0"?>
<doc>
    <assembly>
        <name>NetProvider</name>
    </assembly>
    <members>
        <member name="P:NetProvider.Factory.IWebApiServiceChannel.HttpWebNetwork">
            <summary>
            web访问器
            </summary>
        </member>
        <member name="T:NetProvider.Factory.ServiceChannel">
            <summary>
            定义Web服务通道
            </summary>
        </member>
        <member name="P:NetProvider.Factory.ServiceChannel.HttpWebNetwork">
            <summary>
            web访问器
            </summary>
        </member>
        <member name="M:NetProvider.Factory.ServiceChannel.Request(NetProvider.Network.RequestAttribute,System.Reflection.ParameterInfo[],System.Object[])">
            <summary>
            请求数据
            </summary>
            <param name="channel"></param>
            <param name="ra"></param>
            <param name="parameters">参数属性</param>
            <param name="objs">参数</param>
            <returns></returns>
        </member>
        <member name="M:NetProvider.Factory.ServiceChannel.GetRequest(System.String,System.Reflection.ParameterInfo[],System.Object[])">
            <summary>
            get请求处理
            </summary>
            <param name="uri"></param>
            <param name="parameters"></param>
            <param name="objs"></param>
            <returns></returns>
        </member>
        <member name="M:NetProvider.Factory.ServiceChannel.PostRequest(System.String,System.Object[])">
            <summary>
            Post请求处理
            </summary>
            <param name="uri"></param>
            <param name="objs"></param>
            <returns></returns>
        </member>
        <member name="T:NetProvider.Factory.FileServiceChannel">
            <summary>
            定义web上传下载服务通道
            </summary>
        </member>
        <member name="P:NetProvider.Network.HttpClientSetting.DefaultContentHeaders">
            <summary>
            默认内容头
            </summary>
        </member>
        <member name="M:NetProvider.Network.HttpClientSetting.SetHeader(System.String,System.String)">
            <summary>
            设置heder
            </summary>
            <param name="v1"></param>
            <param name="v2"></param>
        </member>
        <member name="P:NetProvider.Network.HttpClientSetting.DefaultSetting">
            <summary>
            HttpClient默认配置
            </summary>
        </member>
        <member name="T:NetProvider.Network.HttpWebHelper">
            <summary>
            Htttp帮助类
            </summary>
        </member>
        <member name="T:NetProvider.Network.HttpWebNetwork">
            <summary>
            http请求
            </summary>
        </member>
        <member name="M:NetProvider.Network.HttpWebNetwork.PostRequest(System.String,System.IO.FileStream)">
            <summary>
            文件上载
            </summary>
            <param name="uri"></param>
            <param name="body"></param>
            <returns></returns>
        </member>
        <member name="M:NetProvider.Network.Inter.IHttpWebNetwork.GetRequest(System.String)">
            <summary>
            请求Get数据
            </summary>
            <param name="uri"></param>
            <returns></returns>
        </member>
        <member name="M:NetProvider.Network.Inter.IHttpWebNetwork.PostRequest(System.String,System.IO.FileStream)">
            <summary>
            文件流直传
            </summary>
            <param name="uri"></param>
            <param name="body"></param>
            <returns></returns>
        </member>
        <member name="M:NetProvider.Network.RequestAttribute.#ctor(NetProvider.RequestType,System.String)">
            <summary>
            方法属性
            </summary>
            <param name="requestType"></param>
            <param name="uri"></param>
        </member>
        <member name="F:NetProvider.RequestType.Get">
            <summary>
            向特定的资源发出请求
            </summary>
        </member>
        <member name="F:NetProvider.RequestType.Post">
            <summary>
            向指定资源提交数据进行处理请求（例如提交表单或者上传文件）。数据被包含在请求体中。POST请求可能会导致新的资源的创建和/或已有资源的修改
            </summary>
        </member>
        <member name="F:NetProvider.RequestType.Put">
            <summary>
            向指定资源位置上传其最新内容
            </summary>
        </member>
        <member name="F:NetProvider.RequestType.Delete">
            <summary>
            请求服务器删除Request-URI所标识的资源。
            </summary>
        </member>
    </members>
</doc>
